name;score
lol;29.25
new game;1130.7253333333333
test game;1337.1940000000002
